date,instrument,trade_id,side,quantity,trade_price,fee_amount,position_before,avg_cost_before,position_after,avg_cost_after,realized_pnl_from_trade
2025-01-02,AUDUSD,T00007,SELL,25000,0.67471,2.43,0,,-25000,0.67471,0.0
2025-01-02,AUDUSD,T00008,SELL,100000,0.67541,3.76,-25000,0.67471,-125000,0.67527,0.0
2025-01-02,EURUSD,T00001,BUY,75000,1.08824,3.51,0,,75000,1.08824,0.0
2025-01-02,EURUSD,T00002,SELL,25000,1.08658,2.51,75000,1.08824,50000,1.08824,-41.5
2025-01-02,EURUSD,T00003,SELL,50000,1.08737,3.3,50000,1.08824,0,,-43.5
2025-01-02,GBPUSD,T00004,SELL,100000,1.2664,4.18,0,,-100000,1.2664,0.0
2025-01-02,GBPUSD,T00005,SELL,75000,1.26685,3.38,-100000,1.2664,-175000,1.26659,0.0
2025-01-02,GBPUSD,T00006,BUY,25000,1.26732,2.54,-175000,1.26659,-150000,1.26659,-18.17857
2025-01-03,AUDUSD,T00009,BUY,50000,0.67869,3.12,-125000,0.67527,-75000,0.67527,-171.0
2025-01-03,AUDUSD,T00010,SELL,50000,0.67667,3.06,-75000,0.67527,-125000,0.67583,0.0
2025-01-06,AUDUSD,T00016,SELL,75000,0.67504,3.87,-125000,0.67583,-200000,0.67553,0.0
2025-01-06,EURUSD,T00011,SELL,25000,1.08812,2.72,0,,-25000,1.08812,0.0
2025-01-06,EURUSD,T00012,SELL,25000,1.08766,2.51,-25000,1.08812,-50000,1.08789,0.0
2025-01-06,EURUSD,T00013,SELL,75000,1.0888,3.78,-50000,1.08789,-125000,1.08844,0.0
2025-01-06,GBPUSD,T00014,BUY,100000,1.27166,4.45,-150000,1.26659,-50000,1.26659,-506.71429
2025-01-06,GBPUSD,T00015,SELL,150000,1.2695,4.28,-50000,1.26659,-200000,1.26877,0.0
2025-01-07,AUDUSD,T00019,BUY,100000,0.67562,3.72,-200000,0.67553,-100000,0.67553,-8.625
2025-01-07,AUDUSD,T00020,SELL,150000,0.67542,5.18,-100000,0.67553,-250000,0.67547,0.0
2025-01-07,EURUSD,T00017,BUY,25000,1.09388,2.44,-125000,1.08844,-100000,1.08844,-136.1
2025-01-07,EURUSD,T00018,BUY,100000,1.09378,4.94,-100000,1.08844,0,,-534.4
2025-01-08,AUDUSD,T00023,SELL,25000,0.67393,2.56,-250000,0.67547,-275000,0.67533,0.0
2025-01-08,EURUSD,T00021,BUY,150000,1.09341,4.44,0,,150000,1.09341,0.0
2025-01-08,EURUSD,T00022,BUY,150000,1.09401,6.49,150000,1.09341,300000,1.09371,0.0
2025-01-09,AUDUSD,T00027,SELL,25000,0.66891,2.45,-275000,0.67533,-300000,0.67479,0.0
2025-01-09,EURUSD,T00024,SELL,50000,1.09344,3.2,300000,1.09371,250000,1.09371,-13.5
2025-01-09,GBPUSD,T00025,SELL,50000,1.26386,2.8,-200000,1.26877,-250000,1.26779,0.0
2025-01-09,GBPUSD,T00026,SELL,50000,1.26291,3.31,-250000,1.26779,-300000,1.26698,0.0
2025-01-10,AUDUSD,T00030,SELL,50000,0.67005,2.89,-300000,0.67479,-350000,0.67411,0.0
2025-01-10,AUDUSD,T00031,BUY,100000,0.67028,3.55,-350000,0.67411,-250000,0.67411,383.39286
2025-01-10,GBPUSD,T00028,BUY,150000,1.26115,6.27,-300000,1.26698,-150000,1.26698,874.07143
2025-01-10,GBPUSD,T00029,SELL,25000,1.26011,2.45,-150000,1.26698,-175000,1.266,0.0
2025-01-13,EURUSD,T00032,SELL,75000,1.10385,3.66,250000,1.09371,175000,1.09371,760.5
2025-01-13,GBPUSD,T00033,SELL,50000,1.25652,3.17,-175000,1.266,-225000,1.26389,0.0
2025-01-14,AUDUSD,T00036,BUY,100000,0.67095,4.18,-250000,0.67411,-150000,0.67411,316.39286
2025-01-14,GBPUSD,T00034,SELL,75000,1.26154,3.2,-225000,1.26389,-300000,1.2633,0.0
2025-01-14,GBPUSD,T00035,BUY,100000,1.26039,4.66,-300000,1.2633,-200000,1.2633,291.27381
2025-01-15,AUDUSD,T00038,SELL,75000,0.6701,3.62,-150000,0.67411,-225000,0.67278,0.0
2025-01-15,AUDUSD,T00039,SELL,50000,0.67091,3.05,-225000,0.67278,-275000,0.67244,0.0
2025-01-15,AUDUSD,T00040,BUY,50000,0.67072,3.17,-275000,0.67244,-225000,0.67244,85.83442
2025-01-15,EURUSD,T00037,BUY,100000,1.10248,4.29,175000,1.09371,275000,1.0969,0.0
2025-01-16,AUDUSD,T00042,SELL,25000,0.66551,2.44,-225000,0.67244,-250000,0.67174,0.0
2025-01-16,EURUSD,T00041,SELL,50000,1.10106,2.87,275000,1.0969,225000,1.0969,208.04545
2025-01-17,AUDUSD,T00048,BUY,100000,0.66479,4.11,-250000,0.67174,-150000,0.67174,695.40195
2025-01-17,EURUSD,T00043,BUY,150000,1.09932,6.19,225000,1.0969,375000,1.09787,0.0
2025-01-17,EURUSD,T00044,SELL,150000,1.09717,6.38,375000,1.09787,225000,1.09787,-104.61818
2025-01-17,EURUSD,T00045,SELL,75000,1.09808,3.54,225000,1.09787,150000,1.09787,15.94091
2025-01-17,GBPUSD,T00046,BUY,150000,1.26689,4.86,-200000,1.2633,-50000,1.2633,-538.08929
2025-01-17,GBPUSD,T00047,SELL,50000,1.26903,3.23,-50000,1.2633,-100000,1.26617,0.0
2025-01-20,AUDUSD,T00053,SELL,75000,0.66397,3.16,-150000,0.67174,-225000,0.66915,0.0
2025-01-20,AUDUSD,T00054,SELL,100000,0.66473,3.83,-225000,0.66915,-325000,0.66779,0.0
2025-01-20,AUDUSD,T00055,BUY,150000,0.66323,4.77,-325000,0.66779,-175000,0.66779,684.27827
2025-01-20,EURUSD,T00049,SELL,150000,1.09834,4.31,150000,1.09787,0,,70.88182
2025-01-20,GBPUSD,T00050,SELL,50000,1.26562,2.87,-100000,1.26617,-150000,1.26598,0.0
2025-01-20,GBPUSD,T00051,BUY,150000,1.26794,5.86,-150000,1.26598,0,,-293.3631
2025-01-20,GBPUSD,T00052,BUY,100000,1.26613,4.49,0,,100000,1.26613,0.0
2025-01-21,AUDUSD,T00060,SELL,50000,0.66116,2.88,-175000,0.66779,-225000,0.66632,0.0
2025-01-21,EURUSD,T00056,BUY,100000,1.09246,4.51,0,,100000,1.09246,0.0
2025-01-21,GBPUSD,T00057,SELL,150000,1.26713,4.29,100000,1.26613,-50000,1.26713,100.0
2025-01-21,GBPUSD,T00058,BUY,100000,1.26752,3.66,-50000,1.26713,50000,1.26752,-19.5
2025-01-21,GBPUSD,T00059,BUY,50000,1.26661,3.35,50000,1.26752,100000,1.26707,0.0
2025-01-22,AUDUSD,T00064,BUY,25000,0.66068,2.47,-225000,0.66632,-200000,0.66632,140.95274
2025-01-22,EURUSD,T00061,BUY,75000,1.08518,3.86,100000,1.09246,175000,1.08934,0.0
2025-01-22,EURUSD,T00062,BUY,100000,1.08588,3.86,175000,1.08934,275000,1.08808,0.0
2025-01-22,GBPUSD,T00063,BUY,25000,1.2721,2.41,100000,1.26707,125000,1.26807,0.0
2025-01-23,AUDUSD,T00067,BUY,100000,0.66263,4.75,-200000,0.66632,-100000,0.66632,368.81096
2025-01-23,EURUSD,T00065,SELL,150000,1.08368,5.88,275000,1.08808,125000,1.08808,-660.27273
2025-01-23,GBPUSD,T00066,BUY,150000,1.26886,6.18,125000,1.26807,275000,1.2685,0.0
2025-01-24,AUDUSD,T00073,BUY,100000,0.66895,3.52,-100000,0.66632,0,,-263.18904
2025-01-24,EURUSD,T00068,SELL,150000,1.0793,5.14,125000,1.08808,-25000,1.0793,-1097.72727
2025-01-24,EURUSD,T00069,SELL,150000,1.08025,5.75,-25000,1.0793,-175000,1.08011,0.0
2025-01-24,GBPUSD,T00070,SELL,25000,1.26913,2.45,275000,1.2685,250000,1.2685,15.70455
2025-01-24,GBPUSD,T00071,SELL,100000,1.26867,3.94,250000,1.2685,150000,1.2685,16.81818
2025-01-24,GBPUSD,T00072,BUY,50000,1.26797,3.42,150000,1.2685,200000,1.26837,0.0
2025-01-27,AUDUSD,T00077,SELL,100000,0.66827,3.77,0,,-100000,0.66827,0.0
2025-01-27,EURUSD,T00074,SELL,150000,1.08124,4.44,-175000,1.08011,-325000,1.08063,0.0
2025-01-27,EURUSD,T00075,BUY,150000,1.08124,4.72,-325000,1.08063,-175000,1.08063,-90.92308
2025-01-27,GBPUSD,T00076,BUY,50000,1.26418,2.77,200000,1.26837,250000,1.26753,0.0
2025-01-28,AUDUSD,T00081,BUY,25000,0.66916,2.68,-100000,0.66827,-75000,0.66827,-22.25
2025-01-28,EURUSD,T00078,SELL,100000,1.07732,4.37,-175000,1.08063,-275000,1.07943,0.0
2025-01-28,EURUSD,T00079,SELL,150000,1.07732,5.2,-275000,1.07943,-425000,1.07868,0.0
2025-01-28,GBPUSD,T00080,BUY,50000,1.25556,3.42,250000,1.26753,300000,1.26554,0.0
2025-01-29,AUDUSD,T00088,BUY,25000,0.66935,2.53,-75000,0.66827,-50000,0.66827,-27.0
2025-01-29,AUDUSD,T00089,SELL,25000,0.66951,2.58,-50000,0.66827,-75000,0.66868,0.0
2025-01-29,EURUSD,T00082,BUY,25000,1.07045,2.5,-425000,1.07868,-400000,1.07868,205.86312
2025-01-29,EURUSD,T00083,SELL,75000,1.07286,3.42,-400000,1.07868,-475000,1.07776,0.0
2025-01-29,EURUSD,T00084,BUY,100000,1.07019,4.07,-475000,1.07776,-375000,1.07776,757.48631
2025-01-29,GBPUSD,T00085,BUY,75000,1.26282,3.79,300000,1.26554,375000,1.26499,0.0
2025-01-29,GBPUSD,T00086,BUY,150000,1.2627,4.85,375000,1.26499,525000,1.26434,0.0
2025-01-29,GBPUSD,T00087,SELL,100000,1.25931,4.44,525000,1.26434,425000,1.26434,-502.76623
2025-01-30,AUDUSD,T00094,SELL,25000,0.66433,2.43,-75000,0.66868,-100000,0.6676,0.0
2025-01-30,EURUSD,T00090,BUY,25000,1.07714,2.54,-375000,1.07776,-350000,1.07776,15.62158
2025-01-30,GBPUSD,T00091,SELL,150000,1.26854,4.91,425000,1.26434,275000,1.26434,630.35065
2025-01-30,GBPUSD,T00092,SELL,150000,1.26831,6.38,275000,1.26434,125000,1.26434,595.85065
2025-01-30,GBPUSD,T00093,BUY,100000,1.26809,4.65,125000,1.26434,225000,1.26601,0.0
2025-01-31,AUDUSD,T00099,SELL,150000,0.66276,5.21,-100000,0.6676,-250000,0.66469,0.0
2025-01-31,EURUSD,T00095,BUY,25000,1.07694,2.7,-350000,1.07776,-325000,1.07776,20.62158
2025-01-31,EURUSD,T00096,BUY,75000,1.07649,3.67,-325000,1.07776,-250000,1.07776,95.61473
2025-01-31,GBPUSD,T00097,SELL,50000,1.2687,3.42,225000,1.26601,175000,1.26601,134.7316
2025-01-31,GBPUSD,T00098,SELL,100000,1.26556,4.7,175000,1.26601,75000,1.26601,-44.5368
2025-02-03,AUDUSD,T00106,BUY,25000,0.66316,2.69,-250000,0.66469,-225000,0.66469,38.35
2025-02-03,EURUSD,T00100,SELL,75000,1.07713,3.15,-250000,1.07776,-325000,1.07762,0.0
2025-02-03,EURUSD,T00101,BUY,150000,1.07846,4.85,-325000,1.07762,-175000,1.07762,-126.24657
2025-02-03,EURUSD,T00102,SELL,150000,1.07607,5.47,-175000,1.07762,-325000,1.0769,0.0
2025-02-03,GBPUSD,T00103,BUY,50000,1.2733,3.23,75000,1.26601,125000,1.26892,0.0
2025-02-03,GBPUSD,T00104,BUY,150000,1.27146,4.83,125000,1.26892,275000,1.27031,0.0
2025-02-03,GBPUSD,T00105,SELL,50000,1.27466,2.85,275000,1.27031,225000,1.27031,217.65407
2025-02-04,EURUSD,T00107,BUY,150000,1.07278,6.46,-325000,1.0769,-175000,1.0769,618.55954
2025-02-04,EURUSD,T00108,SELL,25000,1.07137,2.57,-175000,1.0769,-200000,1.07621,0.0
2025-02-04,EURUSD,T00109,BUY,25000,1.07253,2.44,-200000,1.07621,-175000,1.07621,92.05035
2025-02-05,AUDUSD,T00115,SELL,50000,0.67028,2.96,-225000,0.66469,-275000,0.66571,0.0
2025-02-05,AUDUSD,T00116,SELL,50000,0.66813,3.17,-275000,0.66571,-325000,0.66608,0.0
2025-02-05,EURUSD,T00110,BUY,150000,1.06943,4.86,-175000,1.07621,-25000,1.07621,1017.3021
2025-02-05,EURUSD,T00111,BUY,150000,1.06947,4.29,-25000,1.07621,125000,1.06947,168.55035
2025-02-05,GBPUSD,T00112,SELL,75000,1.27103,4.15,225000,1.27031,150000,1.27031,54.23111
2025-02-05,GBPUSD,T00113,SELL,25000,1.26972,2.42,150000,1.27031,125000,1.27031,-14.67296
2025-02-05,GBPUSD,T00114,BUY,150000,1.26996,5.55,125000,1.27031,275000,1.27012,0.0
2025-02-06,AUDUSD,T00120,SELL,75000,0.67067,3.14,-325000,0.66608,-400000,0.66694,0.0
2025-02-06,AUDUSD,T00121,SELL,50000,0.67072,2.85,-400000,0.66694,-450000,0.66736,0.0
2025-02-06,EURUSD,T00117,SELL,100000,1.06962,4.48,125000,1.06947,25000,1.06947,15.0
2025-02-06,EURUSD,T00118,BUY,100000,1.07073,4.74,25000,1.06947,125000,1.07048,0.0
2025-02-06,GBPUSD,T00119,SELL,150000,1.27336,4.71,275000,1.27012,125000,1.27012,486.34646
2025-02-07,AUDUSD,T00126,BUY,150000,0.66989,5.75,-450000,0.66736,-300000,0.66736,-379.2
2025-02-07,AUDUSD,T00127,SELL,150000,0.67077,4.64,-300000,0.66736,-450000,0.6685,0.0
2025-02-07,AUDUSD,T00128,SELL,150000,0.67018,6.31,-450000,0.6685,-600000,0.66892,0.0
2025-02-07,EURUSD,T00122,SELL,50000,1.06453,3.43,125000,1.07048,75000,1.07048,-297.4
2025-02-07,GBPUSD,T00123,SELL,25000,1.27893,2.7,125000,1.27012,100000,1.27012,220.30774
2025-02-07,GBPUSD,T00124,SELL,25000,1.28052,2.6,100000,1.27012,75000,1.27012,260.05774
2025-02-07,GBPUSD,T00125,BUY,50000,1.28239,3.2,75000,1.27012,125000,1.27503,0.0
2025-02-10,EURUSD,T00129,BUY,75000,1.06643,3.6,75000,1.07048,150000,1.06845,0.0
2025-02-10,GBPUSD,T00130,BUY,75000,1.28122,3.56,125000,1.27503,200000,1.27735,0.0
2025-02-11,AUDUSD,T00133,SELL,100000,0.67097,3.75,-600000,0.66892,-700000,0.66921,0.0
2025-02-11,AUDUSD,T00134,SELL,150000,0.67073,5.91,-700000,0.66921,-850000,0.66948,0.0
2025-02-11,EURUSD,T00131,BUY,75000,1.0639,3.71,150000,1.06845,225000,1.06694,0.0
2025-02-11,GBPUSD,T00132,SELL,50000,1.28745,2.79,200000,1.27735,150000,1.27735,505.04331
2025-02-12,AUDUSD,T00139,BUY,100000,0.67264,3.93,-850000,0.66948,-750000,0.66948,-316.04706
2025-02-12,AUDUSD,T00140,BUY,50000,0.67307,3.02,-750000,0.66948,-700000,0.66948,-179.52353
2025-02-12,EURUSD,T00135,SELL,50000,1.06319,2.81,225000,1.06694,175000,1.06694,-187.3
2025-02-12,GBPUSD,T00136,BUY,50000,1.27525,3.2,150000,1.27735,200000,1.27682,0.0
2025-02-12,GBPUSD,T00137,BUY,25000,1.27539,2.47,200000,1.27682,225000,1.27666,0.0
2025-02-12,GBPUSD,T00138,SELL,75000,1.27622,3.56,225000,1.27666,150000,1.27666,-33.37336
2025-02-13,EURUSD,T00141,SELL,75000,1.06273,3.93,175000,1.06694,100000,1.06694,-315.45
2025-02-13,EURUSD,T00142,SELL,75000,1.06186,3.46,100000,1.06694,25000,1.06694,-380.7
2025-02-13,GBPUSD,T00143,BUY,100000,1.27986,4.35,150000,1.27666,250000,1.27794,0.0
2025-02-14,AUDUSD,T00146,SELL,50000,0.67177,3.45,-700000,0.66948,-750000,0.66963,0.0
2025-02-14,AUDUSD,T00147,BUY,100000,0.67272,4.6,-750000,0.66963,-650000,0.66963,-308.77725
2025-02-14,EURUSD,T00144,BUY,75000,1.06756,3.66,25000,1.06694,100000,1.0674,0.0
2025-02-14,GBPUSD,T00145,SELL,25000,1.27906,2.62,250000,1.27794,225000,1.27794,27.92533
2025-02-17,AUDUSD,T00150,SELL,25000,0.67577,2.47,-650000,0.66963,-675000,0.66986,0.0
2025-02-17,EURUSD,T00148,SELL,75000,1.06795,3.37,100000,1.0674,25000,1.0674,40.95
2025-02-17,GBPUSD,T00149,SELL,50000,1.28068,2.77,225000,1.27794,175000,1.27794,136.85066
2025-02-18,EURUSD,T00151,SELL,50000,1.06516,3.2,25000,1.0674,-25000,1.06516,-56.1
2025-02-18,GBPUSD,T00152,BUY,75000,1.27896,3.18,175000,1.27794,250000,1.27825,0.0
2025-02-18,GBPUSD,T00153,BUY,150000,1.27906,5.37,250000,1.27825,400000,1.27855,0.0
2025-02-19,AUDUSD,T00155,BUY,25000,0.67486,2.5,-675000,0.66986,-650000,0.66986,-125.01119
2025-02-19,AUDUSD,T00156,SELL,75000,0.67468,3.99,-650000,0.66986,-725000,0.67036,0.0
2025-02-19,AUDUSD,T00157,BUY,50000,0.67482,2.83,-725000,0.67036,-675000,0.67036,-223.08903
2025-02-19,GBPUSD,T00154,SELL,75000,1.26894,3.8,400000,1.27855,325000,1.27855,-720.94176
2025-02-20,AUDUSD,T00160,BUY,25000,0.68019,2.56,-675000,0.67036,-650000,0.67036,-245.79452
2025-02-20,EURUSD,T00158,SELL,150000,1.06227,4.42,-25000,1.06516,-175000,1.06268,0.0
2025-02-20,GBPUSD,T00159,BUY,100000,1.26663,4.59,325000,1.27855,425000,1.27575,0.0
2025-02-21,AUDUSD,T00163,SELL,100000,0.67682,3.87,-650000,0.67036,-750000,0.67122,0.0
2025-02-21,EURUSD,T00161,BUY,100000,1.06421,4.53,-175000,1.06268,-75000,1.06268,-152.71429
2025-02-21,GBPUSD,T00162,BUY,25000,1.2687,2.54,425000,1.27575,450000,1.27536,0.0
2025-02-24,EURUSD,T00164,SELL,50000,1.05826,3.36,-75000,1.06268,-125000,1.06091,0.0
2025-02-24,GBPUSD,T00165,BUY,25000,1.27634,2.67,450000,1.27536,475000,1.27541,0.0
2025-02-24,GBPUSD,T00166,BUY,100000,1.27713,4.54,475000,1.27541,575000,1.27571,0.0
2025-02-25,AUDUSD,T00169,SELL,75000,0.67633,3.53,-750000,0.67122,-825000,0.67168,0.0
2025-02-25,GBPUSD,T00167,SELL,100000,1.2744,3.91,575000,1.27571,475000,1.27571,-130.70973
2025-02-25,GBPUSD,T00168,SELL,150000,1.27465,5.58,475000,1.27571,325000,1.27571,-158.56459
2025-02-26,AUDUSD,T00172,SELL,75000,0.6754,3.28,-825000,0.67168,-900000,0.67199,0.0
2025-02-26,AUDUSD,T00173,BUY,25000,0.67621,2.73,-900000,0.67199,-875000,0.67199,-105.40021
2025-02-26,GBPUSD,T00170,BUY,50000,1.26991,2.82,325000,1.27571,375000,1.27493,0.0
2025-02-26,GBPUSD,T00171,SELL,25000,1.27081,2.72,375000,1.27493,350000,1.27493,-103.10377
2025-02-27,AUDUSD,T00177,BUY,25000,0.6701,2.7,-875000,0.67199,-850000,0.67199,47.34979
2025-02-27,AUDUSD,T00178,SELL,75000,0.67005,3.95,-850000,0.67199,-925000,0.67184,0.0
2025-02-27,EURUSD,T00174,BUY,50000,1.05552,3.08,-125000,1.06091,-75000,1.06091,269.68571
2025-02-27,GBPUSD,T00175,BUY,75000,1.26774,3.33,350000,1.27493,425000,1.27366,0.0
2025-02-27,GBPUSD,T00176,BUY,75000,1.26675,3.73,425000,1.27366,500000,1.27263,0.0
2025-02-28,AUDUSD,T00182,SELL,150000,0.67038,6.16,-925000,0.67184,-1075000,0.67163,0.0
2025-02-28,EURUSD,T00179,BUY,75000,1.05574,4.03,-75000,1.06091,0,,388.02857
2025-02-28,GBPUSD,T00180,SELL,100000,1.27382,4.49,500000,1.27263,400000,1.27263,119.25943
2025-02-28,GBPUSD,T00181,BUY,50000,1.27269,3.27,400000,1.27263,450000,1.27263,0.0
2025-03-03,EURUSD,T00183,BUY,150000,1.05414,4.81,0,,150000,1.05414,0.0
2025-03-03,EURUSD,T00184,BUY,100000,1.05578,4.23,150000,1.05414,250000,1.0548,0.0
2025-03-03,GBPUSD,T00185,BUY,100000,1.27494,3.83,450000,1.27263,550000,1.27305,0.0
2025-03-03,GBPUSD,T00186,SELL,50000,1.27316,3.49,550000,1.27305,500000,1.27305,5.32161
2025-03-04,AUDUSD,T00192,BUY,50000,0.66841,3.18,-1075000,0.67163,-1025000,0.67163,161.15781
2025-03-04,AUDUSD,T00193,BUY,75000,0.66943,4.15,-1025000,0.67163,-950000,0.67163,165.23672
2025-03-04,EURUSD,T00187,SELL,50000,1.05281,3.46,250000,1.0548,200000,1.0548,-99.3
2025-03-04,EURUSD,T00188,SELL,75000,1.0541,3.17,200000,1.0548,125000,1.0548,-52.2
2025-03-04,EURUSD,T00189,SELL,50000,1.05291,3.28,125000,1.0548,75000,1.0548,-94.3
2025-03-04,GBPUSD,T00190,BUY,100000,1.27036,4.89,500000,1.27305,600000,1.2726,0.0
2025-03-04,GBPUSD,T00191,SELL,100000,1.27146,3.77,600000,1.2726,500000,1.2726,-114.46398
2025-03-05,AUDUSD,T00199,SELL,25000,0.66631,2.73,-950000,0.67163,-975000,0.6715,0.0
2025-03-05,AUDUSD,T00200,BUY,100000,0.6664,4.21,-975000,0.6715,-875000,0.6715,509.66651
2025-03-05,EURUSD,T00194,SELL,25000,1.04833,2.39,75000,1.0548,50000,1.0548,-161.65
2025-03-05,EURUSD,T00195,SELL,150000,1.04907,5.82,50000,1.0548,-100000,1.04907,-286.3
2025-03-05,GBPUSD,T00196,SELL,100000,1.27392,3.95,500000,1.2726,400000,1.2726,131.53602
2025-03-05,GBPUSD,T00197,SELL,150000,1.27498,6.33,400000,1.2726,250000,1.2726,356.30403
2025-03-05,GBPUSD,T00198,BUY,25000,1.27305,2.74,250000,1.2726,275000,1.27265,0.0
